accessionNumber,holdingCountry,holdingCity,holdingMuseum,museumLon,museumLat,title,fipCatalogueNumber,objectType,findspot,findspotLatLng
1981.122,USA,Birmingham,Birmingham Museum of Art,-86.80995994962024,33.522194150000004,"False door of ffj, Saqqara [242]",242,False door,Saqqara,
03/00025391,Italy,Asola,Museo Civico G. Bellini,10.412498,45.221527,"Stela of xwj, probably Abydos [426]",426,Stela,Abydos,
2869,Egypt,Aswan,Aswan Museum,32.88704021394081,24.08501845,"False door of mmy, found near Kom Ombo [247]",247,False door,Kom Ombo,
2014.033.001,USA,Atlanta,Michael C. Carlos Museum,-84.32415217347099,33.7904743,"Stela of nb.t-jt(.f), Naga ed-Der",,Stela,Naga ed-Der,
28,Greece,Athens,National Archaeological Museum,23.73295773748378,37.9890123,"False door of ptH-nxt and mrjt-mwt.s, Saqqara [236]",236,False door,Saqqara,
30,Greece,Athens,National Archaeological Museum,23.73295773748378,37.9890123,"False door of sn.t-jt.s, probably Saqqara [495A]",495A,False door,Saqqara,
22.424,USA,Baltimore,Walters Art Museum,-76.61601701714596,39.29700425,"Hybrid false door stela of mHnw, probably Abydos [289]",289,False door,Abydos,
22.85,USA,Baltimore,Walters Art Museum,-76.61601701714596,39.29700425,"Stela of nfr-xAbt, probably Naga ed-Der [326]",326,Stela,Naga ed-Der,
Unknown,Wales,Bangor,Clandeboye Hall,-5.7161,54.6416,"Stela fragment of unknown, Deir el-Bahri [79]",79,Stela,Deir el-Bahri ,
TR 27.4.22.5,Egypt,Beni Suef,"Suef, Beni Suef Museum",31.10130315,29.0840621,"Stela of [j]n-[jt.f], Dra Abu el-Naga [645]",645,Stela,Dra Abu el-Naga,
5-357,USA,Berkeley,Hearst Museum,-121.16766494258547,35.68539275,"Stela of HqA, unknown [403]",403,Stela,,
6-1073 / 19867,USA,Berkeley,Hearst Museum,-121.16766494258547,35.68539275,"Stela fragment of pAj, Naga ed-Der [231]",231,Stela,Naga ed-Der,
6-1080 / 6-1942,USA,Berkeley,Hearst Museum,-121.16766494258547,35.68539275,"Stela fragments of [w]H[A]j, Naga ed-Der [211]",211,Stela,Naga ed-Der,
6-1081,USA,Berkeley,Hearst Museum,-121.16766494258547,35.68539275,"Stela fragment of nbt-jt(f), Naga ed-Der [310]",310,Stela,Naga ed-Der,
6-1204,USA,Berkeley,Hearst Museum,-121.16766494258547,35.68539275,"Stela of ppy-snb, Naga ed-Der [11]",11,Stela,Naga ed-Der,
6-1251,USA,Berkeley,Hearst Museum,-121.16766494258547,35.68539275,"Stela of unknown, Naga ed-Der [614]",614,Stela,Naga ed-Der,
6-1252,USA,Berkeley,Hearst Museum,-121.16766494258547,35.68539275,"Stela of jn-jt.f-aA, Naga ed-Der [67]",67,Stela,Naga ed-Der,
6-1253,USA,Berkeley,Hearst Museum,-121.16766494258547,35.68539275,"Stela fragment of jtj-aA, Naga ed-Der [177]",177,Stela,Naga ed-Der,
6-1257,USA,Berkeley,Hearst Museum,-121.16766494258547,35.68539275,"Stela of unknown, Naga ed-Der [634]",634,Stela,Naga ed-Der,
6-1435,USA,Berkeley,Hearst Museum,-121.16766494258547,35.68539275,"Stela of sfxj, Naga ed-Der [476]",476,Stela,Naga ed-Der,
6-1554,USA,Berkeley,Hearst Museum,-121.16766494258547,35.68539275,"Stela fragment of jr-kmt, Naga ed-Der [154A]",154A,Stela,Naga ed-Der,
6-1576,USA,Berkeley,Hearst Museum,-121.16766494258547,35.68539275,"Stela of jbw, Naga ed-Der [111]",111,Stela,Naga ed-Der,
6-1589,USA,Berkeley,Hearst Museum,-121.16766494258547,35.68539275,"Stela of nfr-jwnw/xwy, Naga ed-Der [318]",318,Stela,Naga ed-Der,
6-1655,USA,Berkeley,Hearst Museum,-121.16766494258547,35.68539275,"Stela of jn-Hrt-nxt, Naga ed-Der [139]",139,Stela,Naga ed-Der,
6-1691,USA,Berkeley,Hearst Museum,-121.16766494258547,35.68539275,"Stela of Tm-mrry, Naga ed-Der [564]",564,Stela,Naga ed-Der,
6-1847,USA,Berkeley,Hearst Museum,-121.16766494258547,35.68539275,"Stela of Hnj, Naga ed-Der [373]",373,Stela,Naga ed-Der,
6-1871,USA,Berkeley,Hearst Museum,-121.16766494258547,35.68539275,"Stela fragment of unknown, Naga ed-Der [605]",605,Stela,Naga ed-Der,
6-1873,USA,Berkeley,Hearst Museum,-121.16766494258547,35.68539275,"Stela of mrw, Naga ed-Der [268]",268,Stela,Naga ed-Der,
Jun-03,USA,Berkeley,Hearst Museum,-121.16766494258547,35.68539275,"Stela of jn-Hrt-nxt, Naga ed-Der [140]",140,Stela,Naga ed-Der,
Jun-51,USA,Berkeley,Hearst Museum,-121.16766494258547,35.68539275,"Stela of Hsj, Naga ed-Der [400]",400,Stela,Naga ed-Der,
Jun-42,USA,Berkeley,Hearst Museum,-121.16766494258547,35.68539275,"Stela of nfr-nHsj, Naga ed-Der [322]",322,Stela,Naga ed-Der,
Jun-63,USA,Berkeley,Hearst Museum,-121.16766494258547,35.68539275,"Stela of unknown, Naga ed-Der [620]",620,Stela,Naga ed-Der,
Jun-42,USA,Berkeley,Hearst Museum,-121.16766494258547,35.68539275,"Stela fragment of unknown and wife smjt-kA, Naga ed-Der [624]",624,Stela,Naga ed-Der,
Jun-14,USA,Berkeley,Hearst Museum,-121.16766494258547,35.68539275,"Stela of smjt-kA, Naga ed-Der [478]",478,Stela,Naga ed-Der,
Jun-18,USA,Berkeley,Hearst Museum,-121.16766494258547,35.68539275,"Stela of mryt, Naga ed-Der [265]",265,Stela,Naga ed-Der,
Jun-15,USA,Berkeley,Hearst Museum,-121.16766494258547,35.68539275,"Stela of jrw-kmt, Naga ed-Der [161]",161,Stela,Naga ed-Der,
Jun-19,USA,Berkeley,Hearst Museum,-121.16766494258547,35.68539275,"Stela fragments of mrw/jy, Naga ed-Der [269]",269,Stela,Naga ed-Der,
Jun-20,USA,Berkeley,Hearst Museum,-121.16766494258547,35.68539275,"Stela of Xtj, Naga ed-Der [660]  ",660,Stela,Naga ed-Der,
Jun-23,USA,Berkeley,Hearst Museum,-121.16766494258547,35.68539275,"Stela of Hny, Naga ed-Der [378]",378,Stela,Naga ed-Der,
Jun-29,USA,Berkeley,Hearst Museum,-121.16766494258547,35.68539275,"Stela of Tby, Naga ed-Der [561]",561,Stela,Naga ed-Der,
Jun-30,USA,Berkeley,Hearst Museum,-121.16766494258547,35.68539275,"Stela of mAa-xrw, Naga ed-Der [244]",244,Stela,Naga ed-Der,
6-11468,USA,Berkeley,Hearst Museum,-121.16766494258547,35.68539275,"Stela fragment of jnt-jt.s, Naga ed-Der [152]",152,Stela,Naga ed-Der,
6-11469,USA,Berkeley,Hearst Museum,-121.16766494258547,35.68539275,"Stela fragments of jtj, Naga ed-Der [649]",649,Stela,Naga ed-Der,
6-11470,USA,Berkeley,Hearst Museum,-121.16766494258547,35.68539275,"Stela fragment of unknown, Naga ed-Der [667]",667,Stela,Naga ed-Der,
6-14077,USA,Berkeley,Hearst Museum,-121.16766494258547,35.68539275,"False door fragments of anx-HA.f, Naga ed-Der [651]",651,False door,Naga ed-Der,
6-14079,USA,Berkeley,Hearst Museum,-121.16766494258547,35.68539275,"Stela of ppy-snb, Naga ed-Der [12]",12,Stela,Naga ed-Der,
6-14265,USA,Berkeley,Hearst Museum,-121.16766494258547,35.68539275,"Stela of unknown and wife Sd-jt.s, Naga ed-Der [632]",632,Stela,Naga ed-Der,
6-14552,USA,Berkeley,Hearst Museum,-121.16766494258547,35.68539275,"Stela of ppy-jmA, Naga ed-Der [10]",10,Stela,Naga ed-Der,
6-14553,USA,Berkeley,Hearst Museum,-121.16766494258547,35.68539275,"Stela of jbj-jqr, Naga ed-Der [109]",109,Stela,Naga ed-Der,
6-16024,USA,Berkeley,Hearst Museum,-121.16766494258547,35.68539275,"Stela of sAbj, Naga ed-Der [451]",451,Stela,Naga ed-Der,
6-19807,USA,Berkeley,Hearst Museum,-121.16766494258547,35.68539275,"Stela of Tnj-Htp, Naga ed-Der [570]",570,Stela,Naga ed-Der,
6-19832,USA,Berkeley,Hearst Museum,-121.16766494258547,35.68539275,"Stela fragment of unknown, Naga ed-Der [668]",668,Stela,Naga ed-Der,
6-19881,USA,Berkeley,Hearst Museum,-121.16766494258547,35.68539275,"Stela of st-nt-jnHrt, Naga ed-Der [506]",506,Stela,Naga ed-Der,
6-19887,USA,Berkeley,Hearst Museum,-121.16766494258547,35.68539275,"Stela of Htp-n-jb, Naga ed-Der [418]",418,Stela,Naga ed-Der,
6-19911,USA,Berkeley,Hearst Museum,-121.16766494258547,35.68539275,"Stela of jn-jt.f, probably Rizeiqat [55]",55,Stela,Rizeiqat,
35/66,Germany,Berlin,Ägyptisches Museum,13.397741,52.520239,"Stela of snj, Thinite nome [661]",661,Stela,Thinite,
37/66,Germany,Berlin,Ägyptisches Museum,13.397741,52.520239,"Stela fragment of jbj, Thinite nome [108]",108,Stela,Thinite,
536/69,Germany,Berlin,Ägyptisches Museum,13.397741,52.520239,"Stela of nDm-jb, Thinite nome [340]  ",340,Stela,Thinite,
537/69,Germany,Berlin,Ägyptisches Museum,13.397741,52.520239,"Stela of HqA, Thinite nome [659]",659,Stela,Thinite,
1151,Germany,Berlin,Ägyptisches Museum,13.397741,52.520239,"False door of gmnj-anx, Memphite necropolis [544]",544,False door,Memphis,
1197,Germany,Berlin,Ägyptisches Museum,13.397741,52.520239,"Stela of Hfnr, probably Abydos [364A]",364A,Stela,Abydos,
7512,Germany,Berlin,Ägyptisches Museum,13.397741,52.520239,"Tall, elongated stela of nfr-prt, Naga ed-Der [319]",319,Stela,Naga ed-Der,
7716,Germany,Berlin,Ägyptisches Museum,13.397741,52.520239,"False door of unknown and wife Hnnt, unknown [610]",610,False door,,
7718,Germany,Berlin,Ägyptisches Museum,13.397741,52.520239,"False door of sAt-jn-jt.f, Unknown [74]",74,False door,,
7730,Germany,Berlin,Ägyptisches Museum,13.397741,52.520239,Block of unknown provenance from a private tomb,,Block,,
7765,Germany,Berlin,Ägyptisches Museum,13.397741,52.520239,"Tall, elongated stela of DAtj, Abydos [583]",583,Stela,Abydos,
7779,Germany,Berlin,Ägyptisches Museum,13.397741,52.520239,"Stela of Spss-ptH, probably Memphis [513]",513,Stela,Memphis,
9055,Germany,Berlin,Ägyptisches Museum,13.397741,52.520239,"Stela fragment of HAt-kH, Dendera [362]",362,Stela,Dendera,
9056,Germany,Berlin,Ägyptisches Museum,13.397741,52.520239,"Stela fragment of unknown, Naqada [600]",600,Stela,Naqada,
13272,Germany,Berlin,Ägyptisches Museum,13.397741,52.520239,"Stela of jn-jt.f, Dra Abu el-Naga [95]",95,Stela,Dra Abu el-Naga ,
14334,Germany,Berlin,Ägyptisches Museum,13.397741,52.520239,"Stela of jn-jt.f-iqr, probably Rizeiqat [68]",68,Stela,Rizeiqat,
14383,Germany,Berlin,Ägyptisches Museum,13.397741,52.520239,"Stela fragment of rHw-r-Aw.s[n], Mo’alla [353]",353,Stela,Mo’alla,
22820,Germany,Berlin,Ägyptisches Museum,13.397741,52.520239,"Stela of kAy, Thebes [540]",540,Stela,Thebes,
24019,Germany,Berlin,Ägyptisches Museum,13.397741,52.520239,"Stela of Sd-mwt.f, Thinite nome [664]",664,Stela,Thinite,
24032,Germany,Berlin,Ägyptisches Museum,13.397741,52.520239,"Stela of qds, Gebelein–Rizeiqat region [537]",537,Stela,Gebelein–Rizeiqat,
31013,Germany,Berlin,Ägyptisches Museum,13.397741,52.520239,"Stela of sfxj, Naga ed-Der [474]",474,Stela,Naga ed-Der,
31292,Germany,Berlin,Ägyptisches Museum,13.397741,52.520239,"Stela of jtj (?), Thinite nome [650]",650,Stela,Thinite,
213.72,England,Birmingham,Birmingham City Museum and Art Gallery,-1.9033176185165712,52.48044585,"Stela of rHw-r-Dr.sn, Naga ed-Der (?) [354]",354,Stela,Naga ed-Der,
1898.56:34,England,Bolton,Bolton Museum,-2.431378636973993,53.5772771,"Stela of nfr-sSm-ppy snnj, Dendera [24]",24,Stela,Dendera,
1898.56:35,England,Bolton,Bolton Museum,-2.431378636973993,53.5772771,"False door fragment of sn-nDsw, Dendera [492]",492,False door,Dendera,
1898.56:37,England,Bolton,Bolton Museum,-2.431378636973993,53.5772771,"Stela fragment of sn-nDsw, Dendera [493]",493,Stela,Dendera,
1898.56:38,England,Bolton,Bolton Museum,-2.431378636973993,53.5772771,"Stela fragment of sn-nDsw, Dendera [494]",494,Stela,Dendera,
1898.56:39,England,Bolton,Bolton Museum,-2.431378636973993,53.5772771,"Stela fragment of bbj, Dendera [226]",226,Stela,Dendera,
1898.56:41,England,Bolton,Bolton Museum,-2.431378636973993,53.5772771,"Stela fragment of mrrj, Dendera [282]",282,Stela,Dendera,
1898.56:43,England,Bolton,Bolton Museum,-2.431378636973993,53.5772771,"Stela fragment of TAwtj rsj, Dendera [559]",559,Stela,Dendera,
21.961,USA,Boston,Museum of Fine Arts,-71.09389696266355,42.3394573,"False door of rd-j-ns, Giza",,False door,Giza,
25.593a–c,USA,Boston,Museum of Fine Arts,-71.09389696266355,42.3394573,"False door of sAt-jnj-ttj/sAt-snj, Saqqara [456]",456,False door,Saqqara,
25.625,USA,Boston,Museum of Fine Arts,-71.09389696266355,42.3394573,"Stela of Hnnj, Sheikh Farag [388]",388,Stela,Sheikh Farag,
25.626,USA,Boston,Museum of Fine Arts,-71.09389696266355,42.3394573,"Stela of jmAj, Sheikh Farag [129]",129,Stela,Sheikh Farag,
25.627,USA,Boston,Museum of Fine Arts,-71.09389696266355,42.3394573,"Stela of jy, Sheikh Farag [100]",100,Stela,Sheikh Farag,
25.628,USA,Boston,Museum of Fine Arts,-71.09389696266355,42.3394573,"Stela of sjpt, Sheikh Farag [459]",459,Stela,Sheikh Farag,
25.629,USA,Boston,Museum of Fine Arts,-71.09389696266355,42.3394573,"Stela of unknown, Sheikh Farag [631]",631,Stela,Sheikh Farag,
25.659,USA,Boston,Museum of Fine Arts,-71.09389696266355,42.3394573,"Stela of sA-jnHrt, Sheikh Farag [449]",449,Stela,Sheikh Farag,
25.671,USA,Boston,Museum of Fine Arts,-71.09389696266355,42.3394573,"Stela of jn-Hrt-nxt, Sheikh Farag [136]",136,Stela,Sheikh Farag,
25.672,USA,Boston,Museum of Fine Arts,-71.09389696266355,42.3394573,"Stela of jn-jt.f, Sheikh Farag [52]",52,Stela,Sheikh Farag,
25.673,USA,Boston,Museum of Fine Arts,-71.09389696266355,42.3394573,"Stela of Sd-jt.s, Sheikh Farag [529]",529,Stela,Sheikh Farag,
25.674,USA,Boston,Museum of Fine Arts,-71.09389696266355,42.3394573,"Stela of jrrj, Sheikh Farag [162]",162,Stela,Sheikh Farag,
25.675,USA,Boston,Museum of Fine Arts,-71.09389696266355,42.3394573,"Stela of qnjt, Sheikh Farag [535]",535,Stela,Sheikh Farag,
25.676,USA,Boston,Museum of Fine Arts,-71.09389696266355,42.3394573,"Stela fragments of HAgj, Sheikh Farag [359]",359,Stela,Sheikh Farag,
25.677,USA,Boston,Museum of Fine Arts,-71.09389696266355,42.3394573,"Stela of HDwj, Sheikh Farag [423]",423,Stela,Sheikh Farag,
25.678,USA,Boston,Museum of Fine Arts,-71.09389696266355,42.3394573,"Hybrid stela of anx-n.s-ppy, Sheikh Farag [5]  ",5,Stela,Sheikh Farag,
25.679,USA,Boston,Museum of Fine Arts,-71.09389696266355,42.3394573,"Stela of jn-Hrt-HqA, Sheikh Farag [144]",144,Stela,Sheikh Farag,
25.68,USA,Boston,Museum of Fine Arts,-71.09389696266355,42.3394573,"Stela fragment of jn-jt.f, El-Deir [82] ",82,Stela,El-Deir,
3.1848,USA,Boston,Museum of Fine Arts,-71.09389696266355,42.3394573,"Stela of nnw, probably Rizeiqat [335]",335,Stela,Rizeiqat,
4.1851,USA,Boston,Museum of Fine Arts,-71.09389696266355,42.3394573,"Hybrid false door stela of jtty, Dra Abu el-Naga [180]",180,False door,Dra Abu el-Naga,
12.1475,USA,Boston,Museum of Fine Arts,-71.09389696266355,42.3394573,"Stela of jmA, Nag el-Mesheikh [128]",128,Stela,Nag el-Mesheikh,
12.1476,USA,Boston,Museum of Fine Arts,-71.09389696266355,42.3394573,"Stela of rHwy, Nag el-Mesheikh [351]",351,Stela,Nag el-Mesheikh,
12.1477,USA,Boston,Museum of Fine Arts,-71.09389696266355,42.3394573,"Stela of Sd-jt.f, Nag el-Mesheikh [527]",527,Stela,Nag el-Mesheikh,
12.1478,USA,Boston,Museum of Fine Arts,-71.09389696266355,42.3394573,"Stela of Hny, Nag el-Mesheikh [380]",380,Stela,Nag el-Mesheikh,
12.1479,USA,Boston,Museum of Fine Arts,-71.09389696266355,42.3394573,"Stela of wADsTj, Nag el-Mesheikh [205]",205,Stela,Nag el-Mesheikh,
12.148,USA,Boston,Museum of Fine Arts,-71.09389696266355,42.3394573,"Stela of mnjw, Nag el-Mesheikh [253]",253,Stela,Nag el-Mesheikh,
25.1514,USA,Boston,Museum of Fine Arts,-71.09389696266355,42.3394573,"False door of xA(j), Giza [424]",424,False door,Giza,
98.1031,USA,Boston,Museum of Fine Arts,-71.09389696266355,42.3394573,"Stela of bbj, Dendera [225]",225,Stela,Dendera,
98.1034,USA,Boston,Museum of Fine Arts,-71.09389696266355,42.3394573,"Stela of mnj, Dendera [252]",252,Stela,Dendera,
98.1036,USA,Boston,Museum of Fine Arts,-71.09389696266355,42.3394573,"Stela fragment of TAwtj rtj, Dendera [560]",560,Stela,Dendera,
98.1039,USA,Boston,Museum of Fine Arts,-71.09389696266355,42.3394573,"Stela fragment of unknown, Dendera [616]",616,Stela,Dendera,
98.1041,USA,Boston,Museum of Fine Arts,-71.09389696266355,42.3394573,"Stela fragment of unknown, Dendera [617]",617,Stela,Dendera,
98.1042,USA,Boston,Museum of Fine Arts,-71.09389696266355,42.3394573,"Stela of nb-Hq, Dendera [303]",303,Stela,Dendera,
98.1043,USA,Boston,Museum of Fine Arts,-71.09389696266355,42.3394573,"Stela fragment of unknown, Dendera [625]",625,Stela,Dendera,
98.1049,USA,Boston,Museum of Fine Arts,-71.09389696266355,42.3394573,"Stela fragment of ptfj, Dendera [234]",234,Stela,Dendera,
98.105,USA,Boston,Museum of Fine Arts,-71.09389696266355,42.3394573,"Stela of snt-txj, Dendera [497]",497,Stela,Dendera,
B.935,Germany,Bremen,Übersee Museum,11.034305459365322,50.97563065,"False door fragment of jpj, Abusir [116]",116,False door,Abusir,
H 487,England,Bristol,Bristol Museum and Art Gallery,-69.50624838294306,43.83692685,"Stela of mnnj, Dendera [255]",255,Stela,Dendera,
H 488,England,Bristol,Bristol Museum and Art Gallery,-69.50624838294306,43.83692685,"Stela fragment of snnj, Dendera [488]",488,Stela,Dendera,
7.449,USA,Brooklyn,Brooklyn Museum,-73.96331715672227,40.6709108,"False door of rnn-jtf.s, unknown [348]",348,False door,,
39.1,USA,Brooklyn,Brooklyn Museum,-73.96331715672227,40.6709108,"Hybrid false door stela of mAat, Thinite nome [245]",245,False door,Thinite,
54.66,USA,Brooklyn,Brooklyn Museum,-73.96331715672227,40.6709108,"Stela of jn-jt.f, Thebes [83]",83,Stela,Thebes,
69.74.1,USA,Brooklyn,Brooklyn Museum,-73.96331715672227,40.6709108,"Stela of Dfj, Naqada [587]",587,False door,Naqada,
86.226.29,USA,Brooklyn,Brooklyn Museum,-73.96331715672227,40.6709108,"Hybrid false door steal of DfAtkA, Abydos [585]",585,False door,Abydos,
E.04985,Belgium,Brussels,Musées Royaux d’Art et d’Histoire,4.3939745579876455,50.840248900000006,"Stela of DArj, Dra Abu el-Naga [77]",77,Stela,Dra Abu el-Naga,
E.05864,Belgium,Brussels,Musées Royaux d’Art et d’Histoire,4.3939745579876455,50.840248900000006,"Stela of mDHj, unknown [291]",291,Stela,,
E.06146,Belgium,Brussels,Musées Royaux d’Art et d’Histoire,4.3939745579876455,50.840248900000006,"Stela fragment of unknown, unknown [615]",615,Stela,,
E.06303,Belgium,Brussels,Musées Royaux d’Art et d’Histoire,4.3939745579876455,50.840248900000006,"Stèle maison of Xnw, South Saqqara [29]",29,Stela,Saqqara,
E.08244,Belgium,Brussels,Musées Royaux d’Art et d’Histoire,4.3939745579876455,50.840248900000006,"Stela of Hnj, Thinite nome [372]",372,Stela,Thinite,
60.19-E,Hungary,Budapest,Szépmuvészeti Muzeum,19.07640509700188,47.51625835,"Stela of rwD-aHAw, Naga ed-Der [341]",341,Stela,Naga ed-Der,
78.3E,Hungary,Budapest,Szépmuvészeti Muzeum,19.07640509700188,47.51625835,"Tall, elongated stela of xm-jb, probably Abydos [439]",439,Stela,Abydos,
JE 20355,Egypt,Cairo,Egyptian Museum ,31.23366984454998,30.04794305,"Stela of nn, Naqada [333]",333,Stela,Naqada,
JE 21066 / CG 1633,Egypt,Cairo,Egyptian Museum ,31.23366984454998,30.04794305,"Stela of jn-jt.f, probably Rizeiqat [63]",63,Stela,Rizeiqat,
JE 25640 / CG 20510,Egypt,Cairo,Egyptian Museum ,31.23366984454998,30.04794305,"Stela of HpA, Naqada [363]",363,Stela,Naqada,
JE 25657 / CG 20501,Egypt,Cairo,Egyptian Museum ,31.23366984454998,30.04794305,"Stela of SmAj, Naqada [517]",517,Stela,Naqada,
JE 28807 bis / CG 1646,Egypt,Cairo,Egyptian Museum ,31.23366984454998,30.04794305,"Stela of unknown, Nag el-Mesheikh [638]",638,Stela,Nag el-Mesheikh,
JE 28808 / CG 1598,Egypt,Cairo,Egyptian Museum ,31.23366984454998,30.04794305,"Stela fragment of jmpy, Nag el-Mesheikh [130]",130,Stela,Nag el-Mesheikh,
JE 28809 / CG 1595,Egypt,Cairo,Egyptian Museum ,31.23366984454998,30.04794305,"Stela of unknown, Nag el-Mesheikh [630]",630,Stela,Nag el-Mesheikh,
JE 29247 / CG 20001,Egypt,Cairo,Egyptian Museum ,31.23366984454998,30.04794305,"Stela of jtj, probably Rizeiqat [174]",174,Stela,Rizeiqat,
JE 32136 / CG 1662,Egypt,Cairo,Egyptian Museum ,31.23366984454998,30.04794305,"False door of mnj, Dendera [251]*",251,False door,Dendera,
JE 32138 / CG 20543,Egypt,Cairo,Egyptian Museum ,31.23366984454998,30.04794305,"Stela of rdj-Xnmw, Dendera [357]",357,Stela,Dendera,
JE 32142 / CG 1660,Egypt,Cairo,Egyptian Museum ,31.23366984454998,30.04794305,"Stela of mnj, Dendera [249]",249,Stela,Dendera,
JE 32144 / CG 1657,Egypt,Cairo,Egyptian Museum ,31.23366984454998,30.04794305,"Stela of jdw II, Dendera [193]",193,Stela,Dendera,
JE 32146 / CG 1659,Egypt,Cairo,Egyptian Museum ,31.23366984454998,30.04794305,"Stela of nfr-sSm-ppy snnj, Dendera [25]",25,Stela,Dendera,
JE 36346 / CG 20796,Egypt,Cairo,Egyptian Museum ,31.23366984454998,30.04794305,"Stela fragments of Hnnw, Dra Abu el-Naga [71]",71,Stela,Dra Abu el-Naga,
JE 36423,Egypt,Cairo,Egyptian Museum ,31.23366984454998,30.04794305,"Stela fragment of unknown, Thebes [627]",627,Stela,Thebes,
JE 38551,Egypt,Cairo,Egyptian Museum ,31.23366984454998,30.04794305,"False door of ab-jHw, Dendera [197]",197,False door,Dendera,
JE 38552 / CG 57211,Egypt,Cairo,Egyptian Museum ,31.23366984454998,30.04794305,"False door of jnp-m-HAt, Saqqara [37]",37,False door,Saqqara,
JE 38553 / CG 57202,Egypt,Cairo,Egyptian Museum ,31.23366984454998,30.04794305,"False door of sAt-xmt, Saqqara [457]  ",457,False door,Saqqara,
JE 38554,Egypt,Cairo,Egyptian Museum ,31.23366984454998,30.04794305,"False door of Htp-mnt, Saqqara [417]",417,False door,Saqqara,
JE 38555 / CG 57206,Egypt,Cairo,Egyptian Museum ,31.23366984454998,30.04794305,"False door of Tst, Saqqara [573]",573,False door,Saqqara,
JE 38557 / CG 57212,Egypt,Cairo,Egyptian Museum ,31.23366984454998,30.04794305,"False door of jpj, Saqqara [36]",36,False door,Saqqara,
JE 38558 / CG 57210,Egypt,Cairo,Egyptian Museum ,31.23366984454998,30.04794305,"False door of xwy, Saqqara [429]",429,False door,Saqqara,
JE 39102,Egypt,Cairo,Egyptian Museum ,31.23366984454998,30.04794305,"False door of Htp, Saqqara [39]",39,False door,Saqqara,
JE 41437,Egypt,Cairo,Egyptian Museum ,31.23366984454998,30.04794305,"Stela of DArj, Dra Abu el-Naga [76]",76,Stela,Dra Abu el-Naga,
JE 43370 – JE 43371,Egypt,Cairo,Egyptian Museum ,31.23366984454998,30.04794305,"False door of qAr, Edfu",,False door,Edfu,
JE 43754,Egypt,Cairo,Egyptian Museum ,31.23366984454998,30.04794305,"Stela of sAbj, Nag el-Mesheikh [452]",452,Stela,Nag el-Mesheikh,
JE 43755,Egypt,Cairo,Egyptian Museum ,31.23366984454998,30.04794305,"Stela of SmA, Nag el-Mesheikh [516]",516,Stela,Nag el-Mesheikh,
JE 43756 / CG 20808,Egypt,Cairo,Egyptian Museum ,31.23366984454998,30.04794305,"Stela of nfr-Tb-Aw, Naga ed-Der [329]",329,Stela,Naga ed-Der,
JE 44301,Egypt,Cairo,Egyptian Museum ,31.23366984454998,30.04794305,"Stela of bbj, Dendera [227]",227,Stela,Dendera,
JE 44302,Egypt,Cairo,Egyptian Museum ,31.23366984454998,30.04794305,"Stela of Hmt, Dendera [369]",369,Stela,Dendera,
JE 44303,Egypt,Cairo,Egyptian Museum ,31.23366984454998,30.04794305,"Stela of unknown, Dendera [595]",595,Stela,Dendera,
JE 44304,Egypt,Cairo,Egyptian Museum ,31.23366984454998,30.04794305,"Stela fragment of nbt.fj, Dendera [306]",306,Stela,Dendera,
JE 45057,Egypt,Cairo,Egyptian Museum ,31.23366984454998,30.04794305,"Stela of Xty, Asasif [43]",43,Stela,Asasif,
JE 45058,Egypt,Cairo,Egyptian Museum ,31.23366984454998,30.04794305,"Stela of Xty, Asasif [40]",40,Stela,Asasif,
JE 45603,Egypt,Cairo,Egyptian Museum ,31.23366984454998,30.04794305,"Stela fragment of unknown, Dendera [628]",628,Stela,Dendera,
JE 45968,Egypt,Cairo,Egyptian Museum ,31.23366984454998,30.04794305,"Stela of Hnw, Naga ed-Der [384]",384,Stela,Naga ed-Der,
JE 45969,Egypt,Cairo,Egyptian Museum ,31.23366984454998,30.04794305,"Stela of unknown, Naga ed-Der [604]",604,Stela,Naga ed-Der,
JE 45970,Egypt,Cairo,Egyptian Museum ,31.23366984454998,30.04794305,"Stela of mryt, Naga ed-Der [264]",264,Stela,Naga ed-Der,
JE 45971,Egypt,Cairo,Egyptian Museum ,31.23366984454998,30.04794305,"Stela of mry, Naga ed-Der [260]",260,Stela,Naga ed-Der,
JE 46049,Egypt,Cairo,Egyptian Museum ,31.23366984454998,30.04794305,"Stela of jttj, Dendera [178]",178,Stela,Dendera,
JE 46050,Egypt,Cairo,Egyptian Museum ,31.23366984454998,30.04794305,"Stela of mrrj, Dendera [279]",279,Stela,Dendera,
JE 48030,Egypt,Cairo,Egyptian Museum ,31.23366984454998,30.04794305,"Stela of jrj-ns, probably Naga ed-Der [158]",158,Stela,Naga ed-Der,
JE 48031,Egypt,Cairo,Egyptian Museum ,31.23366984454998,30.04794305,"Stela of jpj, Naga ed-Der [114]",114,Stela,Naga ed-Der,
JE 48032,Egypt,Cairo,Egyptian Museum ,31.23366984454998,30.04794305,"Stela of xw.n.s, Naga ed-Der [438]",438,Stela,Naga ed-Der,
JE 48870,Egypt,Cairo,Egyptian Museum ,31.23366984454998,30.04794305,"Stela of sTA, Sheikh Farag [511]",511,Stela,Sheikh Farag ,
JE 48871,Egypt,Cairo,Egyptian Museum ,31.23366984454998,30.04794305,"Stela of Hny, Sheikh Farag [379]",379,Stela,Sheikh Farag ,
JE 49693,Egypt,Cairo,Egyptian Museum ,31.23366984454998,30.04794305,"False door of qdns, Giza [536]",536,False door,Giza,
JE 49804,Egypt,Cairo,Egyptian Museum ,31.23366984454998,30.04794305,"Stèle maison of jwjw, South Saqqara",,Stela,Saqqara,
JE 49805,Egypt,Cairo,Egyptian Museum ,31.23366984454998,30.04794305,"Stèle maison of xw-bAw, South Saqqara [28]",28,Stela,Saqqara,
JE 51297,Egypt,Cairo,Egyptian Museum ,31.23366984454998,30.04794305,"False door of snb, Giza",,False door,Giza,
JE 55605,Egypt,Cairo,Egyptian Museum ,31.23366984454998,30.04794305,"Stela of jn-Htp-nxt, Auled el-Sheikh [145]",145,Stela,Auled el-Sheikh,
JE 55606,Egypt,Cairo,Egyptian Museum ,31.23366984454998,30.04794305,"Hybrid false door stela of mrwj, Nag el-Mesheikh [270]",270,False door,Nag el-Mesheikh,
JE 55607,Egypt,Cairo,Egyptian Museum ,31.23366984454998,30.04794305,"Stela of xwj, Naga ed-Der [427]",427,Stela,Naga ed-Der,
JE 55618,Egypt,Cairo,Egyptian Museum ,31.23366984454998,30.04794305,"False door of mry and Htp, Saqqara [263A]",263A,False door,Saqqara,
JE 55618,Egypt,Cairo,Egyptian Museum ,31.23366984454998,30.04794305,"False door of ny-anx-Hr, Saqqara [296]",296,False door,Saqqara,
JE 55618,Egypt,Cairo,Egyptian Museum ,31.23366984454998,30.04794305,"False door of sk-wsxt, Saqqara [503]",503,False door,Saqqara,
JE 55618,Egypt,Cairo,Egyptian Museum ,31.23366984454998,30.04794305,"False door of sk-wsxt-aA, Saqqara [504]",504,False door,Saqqara,
JE 55618,Egypt,Cairo,Egyptian Museum ,31.23366984454998,30.04794305,"False door of sk-wsxt-Hry-jb, Saqqara [505]",505,False door,Saqqara,
JE 57186,Egypt,Cairo,Egyptian Museum ,31.23366984454998,30.04794305,"False door of ns-wsrtj, Memphite necropolis [339]",339,False door,Memphis,
JE 57201,Egypt,Cairo,Egyptian Museum ,31.23366984454998,30.04794305,"False door fragment of TAwtj, Khozam [48]",48,False door,Khozam,
JE 59158,Egypt,Cairo,Egyptian Museum ,31.23366984454998,30.04794305,"False door of sAt-y-Tnw, Saqqara [453] ",453,False door,Saqqara,
JE 68916,Egypt,Cairo,Egyptian Museum ,31.23366984454998,30.04794305,"Stela of jnj-kA.f, Zawayda [149]",149,Stela,Zawayda,
JE 88011 / CG 20811,Egypt,Cairo,Egyptian Museum ,31.23366984454998,30.04794305,"Stela of unknown, probably Naqada [612]",612,Stela,Naqada,
JE 88876,Egypt,Cairo,Egyptian Museum ,31.23366984454998,30.04794305,"Stela of nbtfy, Dendera [312]  ",312,Stela,Dendera,
JE 88889,Egypt,Cairo,Egyptian Museum ,31.23366984454998,30.04794305,"Stela of jnt-kmt, Naga ed-Der [153]",153,Stela,Naga ed-Der,
JE 89778,Egypt,Cairo,Egyptian Museum ,31.23366984454998,30.04794305,"Stela of b(w)-kmnj, Naga ed-Der [220]",220,Stela,Naga ed-Der,
JE 91100,Egypt,Cairo,Egyptian Museum ,31.23366984454998,30.04794305,"False door of [Taw], Herakleopolis [554]",554,False door,Herakleopolis,
JE 377371 / CG 57193,Egypt,Cairo,Egyptian Museum ,31.23366984454998,30.04794305,"Stela of anx-n.s-ppy/nnj, Naga ed-Der [6]",6,Stela,Naga ed-Der,
CG 1417,Egypt,Cairo,Egyptian Museum ,31.23366984454998,30.04794305,"False door of Hm-mnw, Saqqara",,False door,Saqqara,
CG 1442,Egypt,Cairo,Egyptian Museum ,31.23366984454998,30.04794305,"False door of wsr, Khozam [38]",38,False door,Khozam,
CG 1446,Egypt,Cairo,Egyptian Museum ,31.23366984454998,30.04794305,"False door of sAt-sn, Memphite necropolis [458]",458,False door,Memphis,
CG 1453,Egypt,Cairo,Egyptian Museum ,31.23366984454998,30.04794305,"False door of Sdj-Abd, Saqqara [530]",530,False door,Saqqara,
CG 1459,Egypt,Cairo,Egyptian Museum ,31.23366984454998,30.04794305,"Hybrid false door stela of mr-bbj, unknown [256]",256,Stela,,
CG 1512,Egypt,Cairo,Egyptian Museum ,31.23366984454998,30.04794305,"False door of jry, Saqqara [160]",160,False door,Saqqara,
CG 1519,Egypt,Cairo,Egyptian Museum ,31.23366984454998,30.04794305,"Tall, elongated stela of nb.t, Abydos [23]",23,Stela,Abydos,
CG 1575,Egypt,Cairo,Egyptian Museum ,31.23366984454998,30.04794305,"Tall, elongated stela of jdj, Abydos [4A]",4A,Stela,Abydos,
CG 1577,Egypt,Cairo,Egyptian Museum ,31.23366984454998,30.04794305,"Tall, elongated stela of jdj, Abydos [4]",4,Stela,Abydos,
CG 1578,Egypt,Cairo,Egyptian Museum ,31.23366984454998,30.04794305,"Tall, elongated stela of xwj, Abydos [427A]",427A,Stela,Abydos,
CG 1585,Egypt,Cairo,Egyptian Museum ,31.23366984454998,30.04794305,"Stela fragment of Spst-kA.w, Akhmim [515]",515,Stela,Akhmim,
CG 1592,Egypt,Cairo,Egyptian Museum ,31.23366984454998,30.04794305,"Tall, elongated stela of mry, Abydos [259]",259,Stela,Abydos,
CG 1594,Egypt,Cairo,Egyptian Museum ,31.23366984454998,30.04794305,"Hybrid false door stela of nfr-Hb, Abydos [325]",325,False door,Abydos,
CG 1596,Egypt,Cairo,Egyptian Museum ,31.23366984454998,30.04794305,"Stela of jHy, Naqada [165]",165,Stela,Naqada,
CG 1600,Egypt,Cairo,Egyptian Museum ,31.23366984454998,30.04794305,"Stela of wHA, Nag el-Mesheikh [209]",209,Stela,Nag el-Mesheikh,
CG 1601,Egypt,Cairo,Egyptian Museum ,31.23366984454998,30.04794305,"Stela of Sd-jt.f, Nag el-Mesheikh [663]",663,Stela,Nag el-Mesheikh,
CG 1603,Egypt,Cairo,Egyptian Museum ,31.23366984454998,30.04794305,"Stela of jn-jt.f, Nag el-Mesheikh [51]",51,Stela,Nag el-Mesheikh,
CG 1606,Egypt,Cairo,Egyptian Museum ,31.23366984454998,30.04794305,"Stela of wDAj, probably Naga ed-Der [215]",215,Stela,Naga ed-Der,
CG 1607,Egypt,Cairo,Egyptian Museum ,31.23366984454998,30.04794305,"Stela of jdwj, Nag el-Mesheikh [195]",195,Stela,Nag el-Mesheikh,
CG 1609,Egypt,Cairo,Egyptian Museum ,31.23366984454998,30.04794305,"Stela of ab-jHw, Nag el-Mesheikh [199]",199,Stela,Nag el-Mesheikh,
CG 1615,Egypt,Cairo,Egyptian Museum ,31.23366984454998,30.04794305,"Tall, elongated stela of xnw, Abydos [443]",443,Stela,Abydos,
CG 1617,Egypt,Cairo,Egyptian Museum ,31.23366984454998,30.04794305,"Hybrid false door stela of nw, probably Abydos [298]",298,False door,Abydos,
CG 1619,Egypt,Cairo,Egyptian Museum ,31.23366984454998,30.04794305,"Hybrid false door stela of wnj, probably Abydos [207]",207,False door,Abydos,
CG 1622,Egypt,Cairo,Egyptian Museum ,31.23366984454998,30.04794305,"Stela of jn-jt.f, probably Rizeiqat [62]",62,Stela,Rizeiqat,
CG 1625,Egypt,Cairo,Egyptian Museum ,31.23366984454998,30.04794305,"Stela fragment of ns-mnTw (?), possibly Rizeiqat [90]",90,Stela,Rizeiqat,
CG 1627,Egypt,Cairo,Egyptian Museum ,31.23366984454998,30.04794305,"Stela of Tnj, Nag el-Mesheikh [568]",568,Stela,Nag el-Mesheikh,
CG 1629,Egypt,Cairo,Egyptian Museum ,31.23366984454998,30.04794305,"Stela of mry, Thinite nome [261]",261,Stela,Thinite,
CG 1632,Egypt,Cairo,Egyptian Museum ,31.23366984454998,30.04794305,"Stela of snj, Akhmim [484]",484,Stela,Akhmim,
CG 1638,Egypt,Cairo,Egyptian Museum ,31.23366984454998,30.04794305,"Stela of jwt, Naqada [107]",107,Stela,Naqada,
CG 1639,Egypt,Cairo,Egyptian Museum ,31.23366984454998,30.04794305,"Hybrid false door stela of ssj, unknown [502]",502,False door,,
CG 1644,Egypt,Cairo,Egyptian Museum ,31.23366984454998,30.04794305,"Stela of mry, Nag el-Mesheikh [263]",263,Stela,Nag el-Mesheikh,
CG 1648,Egypt,Cairo,Egyptian Museum ,31.23366984454998,30.04794305,"Stela of rwD-bAw, probably Nag el-Mesheikh [343]",343,Stela,Nag el-Mesheikh,
CG 1649,Egypt,Cairo,Egyptian Museum ,31.23366984454998,30.04794305,"Stela of HAsj, Naqada [358]",358,Stela,Naqada,
CG 1651,Egypt,Cairo,Egyptian Museum ,31.23366984454998,30.04794305,"Stela of mrr, Gebelein and Rizeiqat region [273]",273,Stela,Rizeiqat,
CG 1663 / JE 32143,Egypt,Cairo,Egyptian Museum ,31.23366984454998,30.04794305,"Stela of mrrj, Dendera [280]",280,Stela,Dendera,
CG 1664 / JE 32140,Egypt,Cairo,Egyptian Museum ,31.23366984454998,30.04794305,"False door of mrrj, Dendera [278]",278,False door,Dendera,
CG 1707,Egypt,Cairo,Egyptian Museum ,31.23366984454998,30.04794305,"Stela of j(j)-DfA, unknown [99]",99,Stela,,
CG 1708,Egypt,Cairo,Egyptian Museum ,31.23366984454998,30.04794305,"Stela fragment of unknown, unknown [606]",606,Stela,,
CG 1731,Egypt,Cairo,Egyptian Museum ,31.23366984454998,30.04794305,"False door of bAk-n-ptH, unknown [217]",217,False door,,
CG 1759,Egypt,Cairo,Egyptian Museum ,31.23366984454998,30.04794305,"Stela fragment of nfrw, Thebes [316]",316,Stela,Thebes,
CG 20004,Egypt,Cairo,Egyptian Museum ,31.23366984454998,30.04794305,"Stela of Tftnn, Dra Abu el-Naga [563]",563,Stela,Dra Abu el-Naga,
CG 20005,Egypt,Cairo,Egyptian Museum ,31.23366984454998,30.04794305,"Stela fragment of Tbw, Dra Abu el-Naga [562]",562,Stela,Dra Abu el-Naga,
CG 20007,Egypt,Cairo,Egyptian Museum ,31.23366984454998,30.04794305,"Stela of dAgj, Qena [665]",665,Stela,Qena,
CG 20009,Egypt,Cairo,Egyptian Museum ,31.23366984454998,30.04794305,"Hybrid false door stela of jn-jt.f, Dra Abu el-Naga [65]",65,False door,Dra Abu el-Naga,
CG 20010 / TR 25.4.22.1,Egypt,Cairo,Egyptian Museum ,31.23366984454998,30.04794305,"Stela of sn, Naqada [480]",480,Stela,Naqada,
CG 20011,Egypt,Cairo,Egyptian Museum ,31.23366984454998,30.04794305,"Stela of Hnw, Dra Abu el-Naga [385]",385,Stela,Dra Abu el-Naga,
CG 20012,Egypt,Cairo,Egyptian Museum ,31.23366984454998,30.04794305,"Stela of nxt-ty, Abydos [338]",338,Stela,Abydos,
CG 20106,Egypt,Cairo,Egyptian Museum ,31.23366984454998,30.04794305,"Tall, elongated stela of Hm-wr, Abydos [367]",367,Stela,Abydos,
CG 20500,Egypt,Cairo,Egyptian Museum ,31.23366984454998,30.04794305,"Stela of snnj, Naqada [490]",490,Stela,Naqada,
CG 20504,Egypt,Cairo,Egyptian Museum ,31.23366984454998,30.04794305,"Stela of AAw, Akhmim [97]",97,Stela,Akhmim,
CG 20507,Egypt,Cairo,Egyptian Museum ,31.23366984454998,30.04794305,"Stela of ddj and jnnj, unknown [582]",582,Stela,,
CG 20511,Egypt,Cairo,Egyptian Museum ,31.23366984454998,30.04794305,"Stela of dAg, Naqada [575]",575,Stela,Naqada,
CG 20512,Egypt,Cairo,Egyptian Museum ,31.23366984454998,30.04794305,"Stela fragment of Intef II, El-Tarif [60]",6,Stela,El-Tarif,
CG 20513,Egypt,Cairo,Egyptian Museum ,31.23366984454998,30.04794305,"Stela of ddj, possibly Akhmim [580]",58,Stela,Akhmim,
CG 20514,Egypt,Cairo,Egyptian Museum ,31.23366984454998,30.04794305,"Stela of rwD-Haw, Abydos [656]",656,Stela,Abydos,
CG 20805 / JE 45600,Egypt,Cairo,Egyptian Museum ,31.23366984454998,30.04794305,"Stela of nwj, Dendera [299]",299,Stela,Dendera,
CG 57189 ,Egypt,Cairo,Egyptian Museum ,31.23366984454998,30.04794305,"False door of anx-jr.s, Giza",,False door,Giza,
E.2008.05.6,Egypt,Cairo,Egyptian Museum ,31.23366984454998,30.04794305,"False door of jpj, Herakleopolis [115]",115,False door,Herakleopolis,
E.2008.05.60,Egypt,Cairo,Egyptian Museum ,31.23366984454998,30.04794305,"False door of [Xty], Herakleopolis [44]",44,False door,Herakleopolis,
E.2008.05.70,Egypt,Cairo,Egyptian Museum ,31.23366984454998,30.04794305,"False door of [mrt.t], Herakleopolis [256A]",256A,False door,Herakleopolis,
TR 3.6.25.1,Egypt,Cairo,Egyptian Museum ,31.23366984454998,30.04794305,"Stela of jn[-t.f]-nxt, Dra Abu el-Naga [646]",646,Stela,Dra Abu el-Naga,
TR 3.6.25.2,Egypt,Cairo,Egyptian Museum ,31.23366984454998,30.04794305,"Stela of unknown, Dra Abu el-Naga [672]",672,Stela,Dra Abu el-Naga,
TR 11.5.18.17,Egypt,Cairo,Egyptian Museum ,31.23366984454998,30.04794305,"Stela fragment of unknown, Dendera [603]",603,Stela,Dendera,
TR 19.11.24.2,Egypt,Cairo,Egyptian Museum ,31.23366984454998,30.04794305,"Stela of Sd-jt.f, Sheikh Farag [528]",528,Stela,Sheikh Farag,
TR 19.11.24.15 / JE 43757,Egypt,Cairo,Egyptian Museum ,31.23366984454998,30.04794305,"Stela of jn-Hrt-nxt, Nag el-Mesheikh [137]",137,Stela,Nag el-Mesheikh,
TR 25.10.17.10,Egypt,Cairo,Egyptian Museum ,31.23366984454998,30.04794305,"Stela fragment of unknown, Thebes [78]",78,Stela,Thebes,
TR 30.10.17.9,Egypt,Cairo,Egyptian Museum ,31.23366984454998,30.04794305,"Stela fragment of unknown, unknown [607]",607,Stela,,
10-1/16?,Egypt,Cairo,Egyptian Museum ,31.23366984454998,30.04794305,"False door of sbk-Htp, Memphis [473]",473,False door,Memphis,
Unknown,Egypt,Cairo,Egyptian Museum ,31.23366984454998,30.04794305,"Stela fragment of jdj, Naga ed-Der [186]",186,Stela,Naga ed-Der,
Unknown,Egypt,Cairo,Egyptian Museum ,31.23366984454998,30.04794305,"False door of [Hrj-S.f-nxt], Herakleopolis [394]",394,False door,Herakleopolis,
Unknown,Egypt,Cairo,Egyptian Museum ,31.23366984454998,30.04794305,"False door of kAj-sxm-ra, Naga ed-Der [539]",539,False door,Naga ed-Der,
Unknown,Egypt,Cairo,Egyptian Museum ,31.23366984454998,30.04794305,"False door of [dADAy], Herakleopolis [577]",577,False door,Herakleopolis,
TR 29.10.69.6,Egypt,Cairo,Grand Egyptian Museum,31.119626270969988,29.9937269,"Stela of Htpt, Herakleopolis [414]",414,Stela,Herakleopolis,
575,Egypt,Cairo,Mohamed Mahmoud Khalil Museum,31.2118063,29.9870753,"Stela of nfr-Tntwt/Tbw, Naga ed-Der [655]",655,Stela,Naga ed-Der,
E.6.1909,England,Cambridge,Fitzwilliam Museum,0.11989695324093369,52.199930050000006,"False door of Hmj-ra, Busiris [365]  ",365,False door,Busiris,
E.SS.76,England,Cambridge,Fitzwilliam Museum,0.11989695324093369,52.199930050000006,"Tall, elongated stela of ptH-Spss, probably Abydos [240]",240,Stela,Abydos,
Unknown,England,Bakeswell,Chatsworth House,-1.61139139766998,53.2275873,"Hybrid false door stela of nxty-jqr, Abydos [337]",337,False door,Abydos,
A.31285,USA,Chicago,Field Museum,-87.61689125981054,41.866221499999995,"False door of sAt-jmpy-jqr, Unknown [455]",455,False door,,
A.31286,USA,Chicago,Field Museum,-87.61689125981054,41.866221499999995,"False door of Xty, Unknown [42]",42,False door,,
A.31694,USA,Chicago,Field Museum,-87.61689125981054,41.866221499999995,"False door of jn-jt.f, Unknown [53]",53,False door,,
5027,USA,Chicago,Oriental Institute,-1.260888416025609,51.75581305,"Stela of snfr-sSm-ppy snnj, Dendera [32]",32,Stela,Dendera,
E 10490,USA,Chicago,Oriental Institute,-1.260888416025609,51.75581305,"Stela of bnsj, Abydos [9]",9,Stela,Abydos,
E 12105,USA,Chicago,Oriental Institute,-1.260888416025609,51.75581305,"Stela of xnma, Naqada [447]",447,Stela,Naqada,
E 16951,USA,Chicago,Oriental Institute,-1.260888416025609,51.75581305,"Stela fragment of rwD-m-qbH, Naga ed-Der [344]",344,Stela,Naga ed-Der,
E 16952,USA,Chicago,Oriental Institute,-1.260888416025609,51.75581305,"Hybrid false door stela of jsr, Girga district [171]",171,False door,Girga,
E 16953,USA,Chicago,Oriental Institute,-1.260888416025609,51.75581305,"Hybrid false door stela of smH, Girga district [479]",479,False door,Girga,
E 16954 ,USA,Chicago,Oriental Institute,-1.260888416025609,51.75581305,"Stela of snj, Girga district [485]",485,Stela,Girga,
E 16955,USA,Chicago,Oriental Institute,-1.260888416025609,51.75581305,"Stela of kAkA(.j), Girga district [541]",541,Stela,Girga,
E 16956,USA,Chicago,Oriental Institute,-1.260888416025609,51.75581305,"Stela of wHA, Girga district [208]",208,Stela,Girga,
E 16957,USA,Chicago,Oriental Institute,-1.260888416025609,51.75581305,"Hybrid false door stela fragment of bwj-Hrj-jb, Naga ed-Der [222]",222,False door,Naga ed-Der,
E 16958,USA,Chicago,Oriental Institute,-1.260888416025609,51.75581305,"Stela of jdy, Girga district [187]",187,Stela,Girga,
E 16959,USA,Chicago,Oriental Institute,-1.260888416025609,51.75581305,"Stela of aAmt, Girga district [196]  ",196,Stela,Girga,
1914.543,USA,Cleveland,Cleveland Museum of Art,-81.61173672190631,41.5090438,"Stela fragment of jttj-jqr, Thebes? [179]",179,Stela,Thebes,
8539,Denmark,Copenhagen,Nationalmuseet,12.574354451239845,55.6747103,"Stela of mnjwj, probably Naga ed-Der [254]",254,Stela,Naga ed-Der,
AEIN 891,Denmark,Copenhagen,Ny Carlsberg Glyptotek,12.57176570891363,55.6725342,"Stela of jn-jt.f, Dra Abu el-Naga [84]",84,Stela,Dra Abu el-Naga,
AEIN 963,Denmark,Copenhagen,Ny Carlsberg Glyptotek,12.57176570891363,55.6725342,"Stela of jn-jt.f, Thebes [59]",59,Stela,Thebes,
AEIN 964,Denmark,Copenhagen,Ny Carlsberg Glyptotek,12.57176570891363,55.6725342,"Stela of jn-jt.f, possibly Abydos [85]",85,Stela,Abydos,
AEIN 1616,Denmark,Copenhagen,Ny Carlsberg Glyptotek,12.57176570891363,55.6725342,"False door of gmnj-m-HAt, Saqqara [47]",47,False door,Saqqara,
AEIN 1680,Denmark,Copenhagen,Ny Carlsberg Glyptotek,12.57176570891363,55.6725342,"Stela of sbk-Htp, unknown [472]",472,Stela,,
Aeg 754,Germany,Dresden,Staatliche Kunstsammlungen,11.419472513599064,53.626604400000005,"Stela fragment of sbk-nxt, probably Rizeiqat [466]",466,Stela,Rizeiqat,
1892.224,Ireland,Dublin,National Museum of Ireland,-6.28578422437789,53.3488788,"Stela of Htp-nbj, probably Naqada [420]",420,Stela,Naqada,
1966.223,Scotland,Dundee,Dundee Museums and Art Galleries,-2.9830277,56.4614499,"Stela of jy, Naga ed-Der [101]",101,Stela,Naga ed-Der,
1966.224,Scotland,Dundee,Dundee Museums and Art Galleries,-2.9830277,56.4614499,"Stela of mrrj, Dendera [281]",281,Stela,Dendera,
A.1898.382.2,Scotland,Edinburgh,National Museum of Scotland,-3.189335542344732,55.9470714,"Stela fragment of mrrj, Dendera",,Stela,Dendera,
A.1898.382.3,Scotland,Edinburgh,National Museum of Scotland,-3.189335542344732,55.9470714,"Stela of bbj, Dendera",,Stela,Dendera,
A.1910.76,Scotland,Edinburgh,National Museum of Scotland,-3.189335542344732,55.9470714,"Stela of wsr, Akhmim",,Stela,Akhmim,
1898.382.1,Scotland,Edinburgh,National Museum of Scotland,-3.189335542344732,55.9470714,"Stela of mrrj, Dendera [277]",277,Stela,Dendera,
1910.95,Scotland,Edinburgh,National Museum of Scotland,-3.189335542344732,55.9470714,"Hybrid false door stela of Htpj, Dendera [409]",409,False door,Dendera,
1910.96,Scotland,Edinburgh,National Museum of Scotland,-3.189335542344732,55.9470714,"Hybrid false door stela of snnj, Dendera [489]",489,False door,Dendera,
6366,Italy,Florence,Archaeological Museum,20.856033664317735,39.6666537,"Stela of grHt, Naqada [546]",546,Stela,Dendera,
6367,Italy,Florence,Archaeological Museum,20.856033664317735,39.6666537,"Stela of ptH-jw, Naqada [235]",235,Stela,Dendera,
6368,Italy,Florence,Archaeological Museum,20.856033664317735,39.6666537,"Stela of jqr, Naqada [184]",184,Stela,Dendera,
6374,Italy,Florence,Archaeological Museum,20.856033664317735,39.6666537,"Stela of Htpw, Naqada [412]",412,Stela,Dendera,
6375,Italy,Florence,Archaeological Museum,20.856033664317735,39.6666537,"Stela of Htpj, Naqada [410]",410,Stela,Dendera,
6380,Italy,Florence,Archaeological Museum,20.856033664317735,39.6666537,"Stela fragment of Hmgw, Dra Abu el-Naga [368]",368,Stela,Dra Abu el-Naga,
6385,Italy,Florence,Archaeological Museum,20.856033664317735,39.6666537,"Stela fragment of unknown and wife snt, Naqada [599]",599,Stela,Naqada,
7585,Italy,Florence,Archaeological Museum,20.856033664317735,39.6666537,"Stela fragment of pAaw, Qena [232]",232,Stela,Qena,
7588,Italy,Florence,Archaeological Museum,20.856033664317735,39.6666537,"Stela of xwwj, probably Rizeiqat [433]",433,Stela,Rizeiqat,
7595,Italy,Florence,Archaeological Museum,20.856033664317735,39.6666537,"Stela fragment of jn-jt.f, Dra Abu el-Naga [58]*",58,Stela,Dra Abu el-Naga,
AP.1989.1.1,USA,Jacksonville,The Cummer Museum of Art and Gardens,-81.67658239847955,30.31510805,"Stela fragment of jkw, Naga ed-Der [182]",182,Stela,Naga ed-Der,
EG-359,Switzerland,Geneva,Fondation Gandur pour l’art,6.1466014,46.2017559,"Stela of nfr-Tb-Aw, Naga ed-Der [330]",330,Stela,Naga ed-Der,
15197,Switzerland,Geneva,Musée d’Art d’Histoire,7.159578876514129,46.80776575,"Stela of Dfj, Thebes [588]",588,Stela,Thebes,
15198,Switzerland,Geneva,Musée d’Art d’Histoire,7.159578876514129,46.80776575,"Stela of rwDtj, unknown [347]",347,Stela,,
1898.209.d,Scotland,Glasgow,Kelvingrove Museum,-4.290627759615381,55.8685825,"Stela fragment of mrj-ptH, Dendera [258]",258,Stela,Dendera,
1913.100P,Scotland,Glasgow,Kelvingrove Museum,-4.290627759615381,55.8685825,"Stela fragment of jdw II, Dendera [194]",194,Stela,Dendera,
C. 3710,Germany,Hamburg,Hamburg Museum für Volkerkunde,9.989184925773195,53.5686202,"False door of sAt-jmpy, Abusir [454]",454,False door,Abusir,
C. 4056,Germany,Hamburg,Hamburg Museum für Volkerkunde,9.989184925773195,53.5686202,"Stela of bnnt, unknown [230]",230,Stela,,
1971.1,Germany,Hannover,Kestner Museum,9.7365498,52.3680765,"Stela of Sn-jt.f, Thinite nome [523]",523,Stela,Thinite,
2354,USA,Harvard,Harvard Museum of the Ancient Near East,-71.11394170352439,42.3780563,"Stela of tfw-r-nHH, Girga [548]",548,Stela,Girga,
29,Germany,Heidelberg,Sammlung des Ägyptologischen Instituts,8.7053331,49.4120044,"Stela of sbk-Htp, unknown [471]",471,Stela,,
1018,Germany,Heidelberg,Sammlung des Ägyptologischen Instituts,8.7053331,49.4120044,"Tall, elongated stela of sbk-m-HAt, Abydos? [464]",464,Stela,Abydos,
1875,Germany,Hildesheim,Roemer-Pelizaeus Museum,9.9441505,52.1493268,"Stela of bAw(j), El-Hawawish [216]",216,Stela,El-Hawawish,
1884,Germany,Hildesheim,Roemer-Pelizaeus Museum,9.9441505,52.1493268,"Stela of Sd-jt.f, Naga ed-Der [526]",526,Stela,Naga ed-Der,
3046,Germany,Hildesheim,Roemer-Pelizaeus Museum,9.9441505,52.1493268,"False door of jHw, Giza [166]",166,False door,Giza,
4590,Germany,Hildesheim,Roemer-Pelizaeus Museum,9.9441505,52.1493268,"Stela of Dmj, probably Rizeiqat [589]",589,Stela,Rizeiqat,
CG 1576,Egypt,Hurghada,Hurghada Museum,33.821321090475266,27.15968755,"Hybrid false door stela of jww, Abydos [105]",105,False door,Abydos,
CG 1613,Egypt,Hurghada,Hurghada Museum,33.821321090475266,27.15968755,"Tall, elongated stela of jrt, probably Abydos [164]",164,Stela,Abydos,
CG 1618,Egypt,Hurghada,Hurghada Museum,33.821321090475266,27.15968755,"Tall, elongated stela of sA-smn (?), probably Abydos [450]",450,Stela,Abydos,
JE 28806-bis / CG 1642,Egypt,Hurghada,Hurghada Museum,33.821321090475266,27.15968755,"Stela of jbj-jqr, Nag el-Mesheikh [110]",110,Stela,Nag el-Mesheikh,
Unknown,Egypt,Karanis,Kom Aushim Museum,30.8399651,29.3074076,"Stela fragment of unknown and wife qdtj, Naga ed-Der [611]",611,Stela,Naga ed-Der,
H.411,Germany,Karlsruhe,Karlsruhe Museum,8.4044057,49.0135819,"Stela of Hntj, Zawayda [391]",391,Stela,Zawayda,
MNK-XI-999,Poland,Krakow,National Museum,14.430967761293582,50.078919,"Stela of mrr, probably Rizeiqat [272]",272,Stela,Rizeiqat,
MAK/AS/1438,Poland,Krakow,National Museum,14.430967761293582,50.078919,"Stela of rwD-m-qbH, probably Naga ed-Der [346]",346,Stela,Naga ed-Der,
MAK/AS/1439,Poland,Krakow,National Museum,14.430967761293582,50.078919,"Stela of snb, Gebelein–Rizeiqat region [487]",487,Stela,Rizeiqat,
Am 101-a,Netherlands,Leiden,Rijksmuseum van Oudheden,4.4856243,52.1584403,"Stela of Hnnw-jqr, probably Thebes [390]",390,Stela,Thebes,
F 1902/7.1,Netherlands,Leiden,Rijksmuseum van Oudheden,4.4856243,52.1584403,"Stela of sbk-aA, Naga ed-Der [462]",462,Stela,Naga ed-Der,
F 1938/1.4,Netherlands,Leiden,Rijksmuseum van Oudheden,4.4856243,52.1584403,"Stela of mr-anx.f, Akhmim [19]",19,Stela,Akhmim,
F 1938/1.6,Netherlands,Leiden,Rijksmuseum van Oudheden,4.4856243,52.1584403,"Stela of jnj-jqr, probably Rizeiqat [147]",147,Stela,Rizeiqat,
F 1936/2.6,Netherlands,Leiden,Rijksmuseum van Oudheden,4.4856243,52.1584403,"False door fragments of jpj-anxw, Saqqara [120]",120,False door,Saqqara,
F 1939/2.50,Netherlands,Leiden,Rijksmuseum van Oudheden,4.4856243,52.1584403,"Hybrid false door stela of Hnwn, unknown [386]",386,False door,,
F 1947/9.1,Netherlands,Leiden,Rijksmuseum van Oudheden,4.4856243,52.1584403,"Stela of a Nubian mercenary, probably from Rizeiqat [608]",608,Stela,Rizeiqat,
F 1969/2.1,Netherlands,Leiden,Rijksmuseum van Oudheden,4.4856243,52.1584403,"Stela of jTAj, Naga ed-Der [181]",181,Stela,Naga ed-Der,
F 1970/5.1,Netherlands,Leiden,Rijksmuseum van Oudheden,4.4856243,52.1584403,"False door of ffj, Saqqara [241]",241,False door,Saqqara,
F 1970/5.2,Netherlands,Leiden,Rijksmuseum van Oudheden,4.4856243,52.1584403,"False door of anx-snj, Saqqara [201]",201,False door,Saqqara,
E.87,England,Liverpool,John Garstang Museum,-2.431378636973993,53.5772771,"Stela of nfrw, Naqada [315]",315,Stela,Naqada,
E.88,England,Liverpool,John Garstang Museum,-2.431378636973993,53.5772771,"Stela of nfr-mSty, Naqada [321]",321,Stela,Naqada,
55.82.111,England,Liverpool,World Museums,0.1209726,52.202799,"Hybrid false door stela fragment of sn-wrt.f, Naqada [481]",481,Stela,Naqada,
EA 128,England,London,British Museum,-0.12801772178494725,51.51929365,"Tall, elongated stela of xw-bAw, Abydos [437]",437,Stela,Abydos,
EA 159,England,London,British Museum,-0.12801772178494725,51.51929365,"Stela of rwD-aHAw, Abydos [342]",342,Stela,Abydos,
EA 201,England,London,British Museum,-0.12801772178494725,51.51929365,"False door of nbbj, Abydos [308]",308,False door,Abydos,
EA 212,England,London,British Museum,-0.12801772178494725,51.51929365,"False door of SnAy, probably Saqqara [32A]",32A,False door,Saqqara,
EA 614,England,London,British Museum,-0.12801772178494725,51.51929365,"Stela of TTj, Dra Abu el-Naga [75]",75,Stela,Dra Abu el-Naga,
EA 647,England,London,British Museum,-0.12801772178494725,51.51929365,"Stela of TnjA rpj, probably Thebes [571]*",571,Stela,Thebes,
EA 832,England,London,British Museum,-0.12801772178494725,51.51929365,"Tall, elongated stela of psj, Abydos [233]",233,Stela,Abydos,
EA 1059,England,London,British Museum,-0.12801772178494725,51.51929365,"Stela of jdw, Thinite nome [188]",188,Stela,Thinite,
EA 1164,England,London,British Museum,-0.12801772178494725,51.51929365,"Stela of jn-jt.f, Dra Abu el-Naga [94]",94,Stela,Dra Abu el-Naga,
EA 1191,England,London,British Museum,-0.12801772178494725,51.51929365,"False door of jdw/mrj, Saqqara",,False door,Saqqara,
EA 1203,England,London,British Museum,-0.12801772178494725,51.51929365,"Stela of jn-jt.f, Thebes [57]",57,Stela,Thebes,
EA 1262,England,London,British Museum,-0.12801772178494725,51.51929365,"Stela of mnj, Dendera [250]",250,Stela,Dendera,
EA 1263,England,London,British Museum,-0.12801772178494725,51.51929365,"Stela of snfr-sSm-ppy snnj, Dendera [31]",31,Stela,Dendera,
EA 1264,England,London,British Museum,-0.12801772178494725,51.51929365,"Stela of mrr-jqr, Dendera [275]",275,Stela,Dendera,
EA 1287,England,London,British Museum,-0.12801772178494725,51.51929365,"False door of ptH-Htp, Saqqara [239]",239,False door,Saqqara,
EA 1341,England,London,British Museum,-0.12801772178494725,51.51929365,"False door of qAr, Saqqara [534]",534,False door,Saqqara,
EA 1372,England,London,British Museum,-0.12801772178494725,51.51929365,"Stela of sbk-aA, Mo’alla [463]",463,Stela,Mo’alla,
EA 1486,England,London,British Museum,-0.12801772178494725,51.51929365,"Stela of HAgj, Thinite region [361]",361,Stela,Thinite,
EA 1574,England,London,British Museum,-0.12801772178494725,51.51929365,"Stela fragment of mHw, Abydos [288]",288,Stela,Abydos,
EA 1628,England,London,British Museum,-0.12801772178494725,51.51929365,"Stela of jn-jt.f, Thebes [81]",81,Stela,Thebes,
EA 1658,England,London,British Museum,-0.12801772178494725,51.51929365,"Stela fragment of jpwt, possibly Naga ed-Der [125]",125,Stela,Naga ed-Der,
EA 1664,England,London,British Museum,-0.12801772178494725,51.51929365,"Stela of xwy, Thinite nome [430]",430,Stela,Thinite,
EA 1671,England,London,British Museum,-0.12801772178494725,51.51929365,"Stela of HqA-jb, probably Rizeiqat [404]",404,Stela,Rizeiqat,
EA 1724,England,London,British Museum,-0.12801772178494725,51.51929365,"Stela of (sbk)-Htp, unknown [469]",469,Stela,,
EA 1783,England,London,British Museum,-0.12801772178494725,51.51929365,"Stela of jn-Hrt-nxt, Thinite nome [135]",135,Stela,Thinite,
EA 1802,England,London,British Museum,-0.12801772178494725,51.51929365,"Stela of xntj, probably Naqada [445]",445,Stela,Naqada,
EA 1818,England,London,British Museum,-0.12801772178494725,51.51929365,"Stela of (ny)-Hb-sd-ppy, Naga ed-Der [20]",20,Stela,Naga ed-Der,
EA 30842,England,London,British Museum,-0.12801772178494725,51.51929365,"Coffin of sn, Deir el-Bersha",,Coffin,Deir el-Bersha,
EA 67134,England,London,British Museum,-0.12801772178494725,51.51929365,"Stela fragment of nb-jt.f, unknown [302]",302,Stela,,
UC 14312,England,London,Petrie Museum,-0.1329767170257194,51.5235814,"Tall, elongated stela of Hsw, Abydos [402]",402,Stela,Abydos,
UC 14317,England,London,Petrie Museum,-0.1329767170257194,51.5235814,"Stela of gmj-jkr, Unknown [542]",542,Stela,,
UC 14318,England,London,Petrie Museum,-0.1329767170257194,51.5235814,"Stela of nADtj, Naqada [292]",292,Stela,Naqada,
UC 14321,England,London,Petrie Museum,-0.1329767170257194,51.5235814,"Stela fragment of unknown, Coptos [601]",601,Stela,,
UC 14333,England,London,Petrie Museum,-0.1329767170257194,51.5235814,"Stela of mnTw-Htp, Armant [87]",87,Stela,Armant,
1976/114/a/2071,Spain,Madrid,Museo Arqueológico Nacional,23.73295773748378,37.9890123,"False door of [Xty-wAH], Herakleopolis [30]",30,False door,Herakleopolis,
1976/114/a/2073,Spain,Madrid,Museo Arqueológico Nacional,23.73295773748378,37.9890123,"False door of jm, Herakleopolis [127]",127,False door,Herakleopolis,
1976/114/a/2074,Spain,Madrid,Museo Arqueológico Nacional,23.73295773748378,37.9890123,"False door of [nfr-rt], Herakleopolis [324]",324,False door,Herakleopolis,
Unknown,Spain,Madrid,Museo Arqueológico Nacional,23.73295773748378,37.9890123,"False door of [sntj], Herakleopolis [499]",499,False door,Herakleopolis,
Unknown,Spain,Madrid,Museo Arqueológico Nacional,23.73295773748378,37.9890123,"False door of [Sdy], Herakleopolis [531]",531,False door,Herakleopolis,
2868,England,Manchester,Manchester Museum ,-2.2342428,53.4664071,"Stela fragment of unknown, Dendera [643]",643,Stela,Dendera,
2896 and 2900,England,Manchester,Manchester Museum ,-2.2342428,53.4664071,"False door fragments of jn-jt.f.j, Dendera [66]",66,False door,Dendera,
2899,England,Manchester,Manchester Museum ,-2.2342428,53.4664071,"False door fragment of Htpj, Dendera [411]",411,False door,Dendera,
2903,England,Manchester,Manchester Museum ,-2.2342428,53.4664071,"False door fragment of unknown, Dendera [644]",644,False door,Dendera,
3301,England,Manchester,Manchester Museum ,-2.2342428,53.4664071,"Stela of mrj-jkr, Dendera [257]",257,Stela,Dendera,
3304,England,Manchester,Manchester Museum ,-2.2342428,53.4664071,"Stela of ppy-sSm-nfr, Dendera [17]",17,Stela,Dendera,
3307,England,Manchester,Manchester Museum ,-2.2342428,53.4664071,"Stela fragment of sn-nDsw, Dendera [491]",491,Stela,Dendera,
3311,England,Manchester,Manchester Museum ,-2.2342428,53.4664071,"Stela of jdw, Dendera [189]",189,Stela,Dendera,
3503,England,Manchester,Manchester Museum ,-2.2342428,53.4664071,"Stela of ppy-mn-anx, Dendera [15]",15,Stela,Dendera,
5052,England,Manchester,Manchester Museum ,-2.2342428,53.4664071,"Stela fragment of rHwy, Qena [352]",352,Stela,Qena,
800-D2,Australia,Melbourne,National Gallery Victoria,144.968412,-37.822857,"Stela of rsj, Dendera [355]",355,Stela,Dendera,
D84-1982,Australia,Melbourne,National Gallery Victoria,144.968412,-37.822857,"Stela of jtj, Naga ed-Der [172]",172,Stela,Naga ed-Der,
"I.1.a1137 a,b ",Russia,Moscow,Pushkin Museum of Fine Arts,37.605423326542216,55.74728495,"Stela fragments of Hny, El-Tarif [70] ",70,Stela,El-Tarif,
I.1.a5558 (4062),Russia,Moscow,Pushkin Museum of Fine Arts,37.605423326542216,55.74728495,"False door of nb.sn, Saqqara [304]",304,False door,Saqqara,
I.1.a5561,Russia,Moscow,Pushkin Museum of Fine Arts,37.605423326542216,55.74728495,"False door of ppy-m-Hwt-ptH, Memphis [14]",14,False door,Memphis,
I.1.a5567,Russia,Moscow,Pushkin Museum of Fine Arts,37.605423326542216,55.74728495,"Stela fragment of mjn-m-HAt, Akhmim [246]",246,Stela,Akhmim,
I.1.a5573,Russia,Moscow,Pushkin Museum of Fine Arts,37.605423326542216,55.74728495,"False door of jpj, Saqqara [118] ",118,False door,Saqqara,
I.1.a5603 (4071),Russia,Moscow,Pushkin Museum of Fine Arts,37.605423326542216,55.74728495,"Stela of Hnnw, Thebes [72]",72,Stela,Thebes,
I.1.5562 (4052),Russia,Moscow,Pushkin Museum of Fine Arts,37.605423326542216,55.74728495,"False door fragments of nt-ppy, Saqqara [26]",26,False door,Saqqara,
G1.108,Germany,Munich,Staatliches Museum Ägyptischer Kunst,11.5682823,48.1469883,"False door fragment of mrt-ttj-y, Saqqara [286]",286,False door,Saqqara,
G1.110,Germany,Munich,Staatliches Museum Ägyptischer Kunst,11.5682823,48.1469883,"False door fragment of jpj-anxw, Saqqara [119]",119,False door,Saqqara,
G1.111,Germany,Munich,Staatliches Museum Ägyptischer Kunst,11.5682823,48.1469883,"False door fragment of kA-rnn, Saqqara [538]",538,False door,Saqqara,
G1.112,Germany,Munich,Staatliches Museum Ägyptischer Kunst,11.5682823,48.1469883,"False door fragment of ttj-Hr-jSt.f, Saqqara [551]",551,False door,Saqqara,
G1.116,Germany,Munich,Staatliches Museum Ägyptischer Kunst,11.5682823,48.1469883,"False door fragment of sbk-nxt, Saqqara [465]",465,False door,Saqqara,
G1.118,Germany,Munich,Staatliches Museum Ägyptischer Kunst,11.5682823,48.1469883,"False door fragment of ttj-Hr-mnxt, Saqqara [552]",552,False door,Saqqara,
Loan object,Germany,Munich,Staatliches Museum Ägyptischer Kunst,11.5682823,48.1469883,"Stela of rHw, probably Rizeiqat [349]",349,Stela,Rizeiqat,
426,Switzerland,Neuchâtel,Musée d’art et d’histoire,6.1516340221605965,46.199235099999996,"False door of snj, Saqqara [483]",483,False door,Saqqara,
12.183.8,USA,New York,Metropolitan Museum of Art,-73.96338248033601,40.7794396,"False door of nfr-jw, Dendera [317]*",317,False door,Dendera,
13.182.3,USA,New York,Metropolitan Museum of Art,-73.96338248033601,40.7794396,"Stela of jn-jt.f, Dra Abu el-Naga [61]",61,Stela,Dra Abu el-Naga,
14.2.6,USA,New York,Metropolitan Museum of Art,-73.96338248033601,40.7794396,"Stela of mggj, Dra Abu el-Naga [89]",89,Stela,Dra Abu el-Naga,
14.2.7,USA,New York,Metropolitan Museum of Art,-73.96338248033601,40.7794396,"Stela of mAatj, El-Tarif [86]",86,Stela,El-Tarif,
20.2.29,USA,New York,Metropolitan Museum of Art,-73.96338248033601,40.7794396,"Stela of smjn, Thebes [477]*",477,Stela,Thebes,
25.2.3,USA,New York,Metropolitan Museum of Art,-73.96338248033601,40.7794396,"Stela of jndj, probably Naga ed-Der [154]",154,Stela,Naga ed-Der,
57.95,USA,New York,Metropolitan Museum of Art,-73.96338248033601,40.7794396,"Stela of jn-jt.f, Thebes [80]",80,Stela,Thebes,
65.107,USA,New York,Metropolitan Museum of Art,-73.96338248033601,40.7794396,"Stela of Dmj, probably Rizeiqat [49]",49,Stela,Rizeiqat,
98.4.1,USA,New York,Metropolitan Museum of Art,-73.96338248033601,40.7794396,"Stela of snt-txj, Dendera [498]",498,Stela,Dendera,
98.4.5,USA,New York,Metropolitan Museum of Art,-73.96338248033601,40.7794396,"Stela of TAwtj rsj, Dendera [558]",558,Stela,Dendera,
98.4.6,USA,New York,Metropolitan Museum of Art,-73.96338248033601,40.7794396,"Stela of Htp-sj, Dendera [422]",422,Stela,Dendera,
98.4.7,USA,New York,Metropolitan Museum of Art,-73.96338248033601,40.7794396,"Stela fragments of jn-jt.f, Dendera [56]",56,Stela,Dendera,
98.4.67,USA,New York,Metropolitan Museum of Art,-73.96338248033601,40.7794396,"Stela fragments of bbj, Dendera [228]",228,Stela,Dendera,
98.4.68,USA,New York,Metropolitan Museum of Art,-73.96338248033601,40.7794396,"Stela fragment of [//r//], Dendera [593]",593,Stela,Dendera,
"2002.392a-c, 2000.103 a-b, 26.3.217",USA,New York,Metropolitan Museum of Art,-73.96338248033601,40.7794396,"Stela fragments of Hnnw, Deir el-Bahri [91]",91,Stela,Deir el-Bahri ,
635,USA,New York,Rhode Island School of Design,-71.4081213,41.8262294,"Stela of Hnj, Naga ed-Der [375]",375,Stela,Naga ed-Der,
971.289,Canada,Toronto,Royal Ontario Museum,-79.39469884485237,43.6676565,"Stela of (m)nj, Saqqara [248]",248,Stela,Saqqara,
1997.58,England,Oxford,Ashmolean Museum,-1.2602574960821362,51.7554961,"Stela of Hnw, unknown [382]",382,Stela,,
E.3927,England,Oxford,Ashmolean Museum,-1.2602574960821362,51.7554961,"Stela of nxtw, Dendera [336]",336,Stela,Dendera,
E.3928,England,Oxford,Ashmolean Museum,-1.2602574960821362,51.7554961,"Stela of Hnw, Dendera [383]",383,Stela,Dendera,
A 10244,France,Paris,Musee du Louvre,2.33802768704666,48.8611473,"Tall, elongated stela of unknown, unknown [618]",618,Stela,,
C 14,France,Paris,Musee du Louvre,2.33802768704666,48.8611473,"Hybrid false door stela of jrtj-sn, Abydos [96]",96,False door,Abydos,
C 15,France,Paris,Musee du Louvre,2.33802768704666,48.8611473,"Hybrid false door stela of ab-jHw, Abydos [198]",198,False door,Abydos,
C 28 / N 182,France,Paris,Musee du Louvre,2.33802768704666,48.8611473,"False door of sbk-Htp, Abydos [470]",470,False door,Abydos,
C 158 / N 310,France,Paris,Musee du Louvre,2.33802768704666,48.8611473,"False door of jrj-n-Axt, unknown [156]",156,False door,,
C 159 / N 309,France,Paris,Musee du Louvre,2.33802768704666,48.8611473,"False door of jpj, Saqqara [113]",113,False door,Saqqara,
C 160 / E 3135,France,Paris,Musee du Louvre,2.33802768704666,48.8611473,"Tall, elongated stela of HAgj, Abydos [360]",360,Stela,Abydos,
C 161 / E 3466,France,Paris,Musee du Louvre,2.33802768704666,48.8611473,"False door of jww, Abydos [104]",104,False door,Abydos,
C 164 / E 39094,France,Paris,Musee du Louvre,2.33802768704666,48.8611473,"False door of jsj, North Saqqara [168]",168,False door,Saqqara,
C 165,France,Paris,Musee du Louvre,2.33802768704666,48.8611473,"Stela of mrwt, Giza or Saqqara [271]",271,Stela,Saqqara,
C 198 / E 3218,France,Paris,Musee du Louvre,2.33802768704666,48.8611473,"Tall, elongated stela of Hm-wr, probably Abydos",,Stela,Abydos,
C 234,France,Paris,Musee du Louvre,2.33802768704666,48.8611473,"Stela of nbbj, El-Hawawish [309]",309,Stela,El-Hawawish,
C 239 / E 10480,France,Paris,Musee du Louvre,2.33802768704666,48.8611473,"Stela of st-nt-wjA (nSmt), Naga ed-Der [507]",507,Stela,Naga ed-Der,
C 242 / E 8404,France,Paris,Musee du Louvre,2.33802768704666,48.8611473,"False door of nb.sn, unknown [305]",305,False door,,
C 250 / E 6206,France,Paris,Musee du Louvre,2.33802768704666,48.8611473,"False door of jsj, probably Memphis [169]",169,False door,Memphis,
C 251 / E 6853,France,Paris,Musee du Louvre,2.33802768704666,48.8611473,"False door of jsj, probably Saqqara [167]",167,False door,Saqqara,
C 252 / E 7171,France,Paris,Musee du Louvre,2.33802768704666,48.8611473,"Stela of unknown, probably Thebes [92]",92,Stela,Thebes,
C 293 / E 11343,France,Paris,Musee du Louvre,2.33802768704666,48.8611473,"Stela of stjbj, probably Abydos [509]",509,Stela,Abydos,
C 300 / E 10730,France,Paris,Musee du Louvre,2.33802768704666,48.8611473,"Stela of DHw, Thinite area [591]",591,Stela,Thinite,
C 304 / E 11334,France,Paris,Musee du Louvre,2.33802768704666,48.8611473,"Tall, elongated stela of anxttf, unknown [203]",203,Stela,,
C 323 / E 22038,France,Paris,Musee du Louvre,2.33802768704666,48.8611473,"False door of SSj, unknown [525]",525,False door,,
E 14184,France,Paris,Musee du Louvre,2.33802768704666,48.8611473,"False door of qy and Sd-Abd, Saqqara [533]",533,False door,Saqqara,
E 14185,France,Paris,Musee du Louvre,2.33802768704666,48.8611473,"Stèle maison of HbAj, South Saqqara [27]",27,Stela,Saqqara,
E 14329,France,Paris,Musee du Louvre,2.33802768704666,48.8611473,"Lintel of jsj, Edfu",,Lintel,Edfu,
E 20346,France,Paris,Musee du Louvre,2.33802768704666,48.8611473,"Tall, elongated stela of wnj, Abydos [206]",206,Stela,Abydos,
E 33147,France,Paris,Musee du Louvre,2.33802768704666,48.8611473,"Stela of nj-nb-Sma, probably Naqada [293]  ",293,Stela,Naqada,
23-11-699,USA,Philadelphia,Penn Museum of Archaeology and Anthropology ,-75.1920296809082,39.9492859,"Stela of [ggj], Sheikh Farag [547]",547,Stela,Sheikh Farag,
29-66-293,USA,Philadelphia,Penn Museum of Archaeology and Anthropology ,-75.1920296809082,39.9492859,"Stela of sbk-nxtj fqw, Dendera [467]",467,Stela,Dendera,
29-66-594,USA,Philadelphia,Penn Museum of Archaeology and Anthropology ,-75.1920296809082,39.9492859,"Stela of jdw, Dendera [190]",190,Stela,Dendera,
29-66-615,USA,Philadelphia,Penn Museum of Archaeology and Anthropology ,-75.1920296809082,39.9492859,"Stela of jn-jt.f-jqr, Dendera [69]",69,Stela,Dendera,
29-66-620,USA,Philadelphia,Penn Museum of Archaeology and Anthropology ,-75.1920296809082,39.9492859,"Stela of mrrj, Dendera [276]",276,Stela,Dendera,
29-66-623,USA,Philadelphia,Penn Museum of Archaeology and Anthropology ,-75.1920296809082,39.9492859,"Stela of wtj, Dendera [213]",213,Stela,Dendera,
29-66-643,USA,Philadelphia,Penn Museum of Archaeology and Anthropology ,-75.1920296809082,39.9492859,"Stela of nbtfj, Dendera [311]",311,Stela,Dendera,
29-66-644,USA,Philadelphia,Penn Museum of Archaeology and Anthropology ,-75.1920296809082,39.9492859,"Stela of Hnty, Dendera [392]",392,Stela,Dendera,
29-66-645,USA,Philadelphia,Penn Museum of Archaeology and Anthropology ,-75.1920296809082,39.9492859,"Stela fragment of xa-y-nxt, Dendera [425]",425,Stela,Dendera,
29-66-668,USA,Philadelphia,Penn Museum of Archaeology and Anthropology ,-75.1920296809082,39.9492859,"Stela of bbj, Dendera [224]",224,Stela,Dendera,
29-66-688,USA,Philadelphia,Penn Museum of Archaeology and Anthropology ,-75.1920296809082,39.9492859,"Stela of bb, Dendera [223]",223,Stela,Dendera,
29-66-696,USA,Philadelphia,Penn Museum of Archaeology and Anthropology ,-75.1920296809082,39.9492859,"Stela of unknown, Dendera [594]",594,Stela,Dendera,
29-66-800,USA,Philadelphia,Penn Museum of Archaeology and Anthropology ,-75.1920296809082,39.9492859,"Stela fragments of unknown, Dendera [622]*",622,Stela,Dendera,
29-66-820,USA,Philadelphia,Penn Museum of Archaeology and Anthropology ,-75.1920296809082,39.9492859,"Stela of bbj, Dendera [229]  ",229,Stela,Dendera,
40-19-1,USA,Philadelphia,Penn Museum of Archaeology and Anthropology ,-75.1920296809082,39.9492859,"Stela of nfr-sfxj, Naga ed-Der [328]",328,Stela,Naga ed-Der,
E 16020,USA,Philadelphia,Penn Museum of Archaeology and Anthropology ,-75.1920296809082,39.9492859,"Stela of TAwtj (rsj), Dendera [557]",557,Stela,Dendera,
E 17313,USA,Philadelphia,Penn Museum of Archaeology and Anthropology ,-75.1920296809082,39.9492859,"Stela fragment of unknown, Dendera [626]",626,Stela,Dendera,
E 17878 ,USA,Philadelphia,Penn Museum of Archaeology and Anthropology ,-75.1920296809082,39.9492859,"Stela fragment of unknown, Dendera [623]",623,Stela,Dendera,
Formerly JE 38556,Egypt,Port Said,Port Said Museum,32.30402,31.26768,"False door of Hrj-S.f-nxt III, Saqqara [398]",398,False door,Saqqara,
61.4,USA,Richmond,Virginia Museum of Fine Arts,-77.47489519432057,37.5560585,"Stela of sTA, Sheikh Farag [510]",510,Stela,Sheikh Farag,
91.80.168,USA,San Antonio,San Antonio Museum of Art,-98.48214148705422,29.437278,"Stela of unknown, Thinite nome [637]",637,Stela,Thinite,
91.80.169,USA,San Antonio,San Antonio Museum of Art,-98.48214148705422,29.437278,"Stela of dSrj, Auled el-Sheikh [579]",579,Stela,Auled el-Sheikh,
RC 1732,USA,San Jose,Rosicrucian Egyptian Museum and Art Gallery,-121.92289944954837,37.333504500000004,"Stela of unknown, [Saqqara] [644A]",644A,Stela,Saqqara,
RC 2067,USA,San Jose,Rosicrucian Egyptian Museum and Art Gallery,-121.92289944954837,37.333504500000004,"Stela of jry, Saqqara [159]",159,Stela,Saqqara,
RC 2574 and 2069,USA,San Jose,Rosicrucian Egyptian Museum and Art Gallery,-121.92289944954837,37.333504500000004,"Stela of unknown and wife snt, unknown [621]",621,Stela,,
45.11,USA,Seattle,Seattle Art Museum,-122.3385575,47.6077008,"Stela of Dfj, Naqada [586]",586,Stela,Naqada,
47.64,USA,Seattle,Seattle Art Museum,-122.3385575,47.6077008,"Stela of TAwtj, unknown [555]",555,Stela,,
CG 1654 / JE 29259,Egypt,Sharm el-Sheikh,Sharm el-Sheikh Museum,10.24592865,45.657839249999995,"Stela of mrr, probably Rizeiqat [274]",274,Stela,Rizeiqat,
CG 20505,Egypt,Sharm el-Sheikh,Sharm el-Sheikh Museum,10.24592865,45.657839249999995,"Stela of Hpw-jqrt, probably Dra Abu el-Naga [364]",364,Stela,Dra Abu el-Naga,
JE 28812 / CG 1611,Egypt,Sohag,Sohag Museum,31.700001,26.549999,"Stela of Hm-nwy, Nag el-Mesheikh [371]",371,Stela,Nag el-Mesheikh,
5633,Russia,St Petersburg,State Hermitage Museum,30.315486515853937,59.9412076,"Stela of HqA-jb, probably Rizeiqat [406]",406,Stela,Rizeiqat,
1977.8,Sweden,Stockholm,Medelhavsmuseet,18.0672982,59.3294531,"Hybrid false door stela of jn-Hrt-nxt, Naga ed-Der [143]",143,False door,Naga ed-Der,
11407,Sweden,Stockholm,Medelhavsmuseet,18.0672982,59.3294531,"False door of Hrj-S.f-nxt II, Saqqara [397]",397,False door,Saqqara,
11419,Sweden,Stockholm,Medelhavsmuseet,18.0672982,59.3294531,"Stela of Tmrrj, Auled es-Sheikh [565]",565,Stela,Auled el-Sheikh,
11420,Sweden,Stockholm,Medelhavsmuseet,18.0672982,59.3294531,"Hybrid false door stela of jdj, Dendera [185]*",185,False door,Dendera,
11434,Sweden,Stockholm,Medelhavsmuseet,18.0672982,59.3294531,"False door of snt-jt.s, Saqqara [495]",495,False door,Saqqara,
344,France,Strasbourg,,7.736099647631168,48.5794799,"Stela of fgw, Naqada [243]",243,Stela,Naqada,
345,France,Strasbourg,,7.736099647631168,48.5794799,"Stela fragment of jn-jt.f, Dra Abu el-Naga [58]*",58,Stela,Dra Abu el-Naga,
CG 1458,Egypt,Suez,Suez Museum,2.095603504476936,48.897904499999996,"False door of sanxw-gmnj, Saqqara [460]",460,False door,Saqqara,
EC 62 ,Wales,Swansea,Egypt Centre,33.9464285,28.5601574,"Stela of unknown, Naqada [596]",596,Stela,Naqada,
EC 148,Wales,Swansea,Egypt Centre,33.9464285,28.5601574,"Stela of Htpwt, probably Naqada [413]",413,Stela,Naqada,
W1366,Wales,Swansea,Egypt Centre,33.9464285,28.5601574,"Stela of unknown, probably Rizeiqat [619]*",619,Stela,Rizeiqat,
1925.52,USA,Toledo,Toledo Museum of Art,-83.5595316482296,41.658457,"Stela of jy, Nag el-Mesheikh [102]",102,Stela,Nag el-Mesheikh,
1947.61,USA,Toledo,Toledo Museum of Art,-83.5595316482296,41.658457,"Stela of ssn-nxt, Thinite nome [662]",662,Stela,Thinite,
C.1447,Italy,Turin,Museo Egizio Torino,7.6843506,45.068435,"Stela of mrw, Thebes [88]",88,Stela,Thebes,
C.1513,Italy,Turin,Museo Egizio Torino,7.6843506,45.068435,"Stela of wpwAwt-nxt qmnn, Abydos [652]",652,Stela,Abydos,
S.1264,Italy,Turin,Museo Egizio Torino,7.6843506,45.068435,"Stela of jn-Hrt-nxt, Thinite nome [138]",138,Stela,Thinite,
S.1266,Italy,Turin,Museo Egizio Torino,7.6843506,45.068435,"Tall, elongated stela of DfAt, Abydos [584]",584,Stela,Abydos,
S.1267,Italy,Turin,Museo Egizio Torino,7.6843506,45.068435,"Stela of nmt, Naqada [332]",332,Stela,Naqada,
S.1269,Italy,Turin,Museo Egizio Torino,7.6843506,45.068435,"Hybrid false door stela of mry, probably Rizeiqat [262]",262,False door,Rizeiqat,
S.1270,Italy,Turin,Museo Egizio Torino,7.6843506,45.068435,"Stela of Tnnw and nHsy.t, probably Rizeiqat [572]",572,Stela,Rizeiqat,
S.1271,Italy,Turin,Museo Egizio Torino,7.6843506,45.068435,"Stela of jnj, probably Rizeiqat [146]",146,Stela,Rizeiqat,
S.1272,Italy,Turin,Museo Egizio Torino,7.6843506,45.068435,"Stela of jrt, probably Rizeiqat [163]",163,Stela,Rizeiqat,
S.1273,Italy,Turin,Museo Egizio Torino,7.6843506,45.068435,"Stela of wtx-jqr, probably Rizeiqat [214]",214,Stela,Rizeiqat,
S.1276,Italy,Turin,Museo Egizio Torino,7.6843506,45.068435,"Stela of xwwj, probably Rizeiqat [434]",434,Stela,Rizeiqat,
S.1277,Italy,Turin,Museo Egizio Torino,7.6843506,45.068435,"Stela of Htp-jqr, probably Rizeiqat [415]",415,Stela,Rizeiqat,
S.1278,Italy,Turin,Museo Egizio Torino,7.6843506,45.068435,"Stela fragment of jn-jt.f, Naqada [93]",93,Stela,Naqada,
S.1290,Italy,Turin,Museo Egizio Torino,7.6843506,45.068435,"Stela fragment of jnj-kA.f(j), vicinity of Zawayda [150]",150,Stela,Zawayda,
S.1292,Italy,Turin,Museo Egizio Torino,7.6843506,45.068435,"Stela of unknown, Naqada [602]",602,Stela,Naqada,
S.1296,Italy,Turin,Museo Egizio Torino,7.6843506,45.068435,"Stela of unknown, unknown",,Stela,,
S.1310,Italy,Turin,Museo Egizio Torino,7.6843506,45.068435,"Stela fragments of unknown, Thebes [641]",641,Stela,Thebes,
S.12451,Italy,Turin,Museo Egizio Torino,7.6843506,45.068435,"Stela of jtj, Gebelein-Rizeiqat region [176]",176,Stela,Gebelein–Rizeiqat,
S.13114,Italy,Turin,Museo Egizio Torino,7.6843506,45.068435,"Stela of jtj, Gebelein [175]",175,Stela,Gebelein–Rizeiqat,
S.13115,Italy,Turin,Museo Egizio Torino,7.6843506,45.068435,"Stela of Nubian (?) mercenaries, Gebelein [609]",609,Stela,Gebelein,
567?,Italy,Turin,Museo Egizio Torino,7.6843506,45.068435,"Stela of [bw-jw[///], unknown",,Stela,,
MV 22774,Italy,Vatican City,Vatican Museum,12.454661671968115,41.90496095,"False door of jpj-Hr-ssnb.f, Saqqara [124]",124,False door,Saqqara,
MV 22775,Italy,Vatican City,Vatican Museum,12.454661671968115,41.90496095,"False door of jrj-nxtj, Giza [157]",157,False door,Giza,
5893,Austria,Vienna,Kunsthistorisches Museum,16.361781933366263,48.2037395,"Stela of ny-Hb-sd-ppy, Naqada [21]",21,Stela,Naqada,
ÄS 5895,Austria,Vienna,Kunsthistorisches Museum,16.361781933366263,48.2037395,"Hybrid false door stela of nfr-mAat/jtj, unknown [320]",320,False door,,
8009,Austria,Vienna,Kunsthistorisches Museum,16.361781933366263,48.2037395,"False door fragments of jr-n-Axt nj-anx-ppy, Giza [7]",7,False door,Giza,
138814 MNW,Poland,Warsaw,National Museum,14.430967761293582,50.078919,"Stela of nfr, Edfu [313]",313,Stela,Edfu,
139944,Poland,Warsaw,National Museum,14.430967761293582,50.078919,"False door of jsj, Edfu",,False door,Edfu,